FECHA;;;31-12-2021;;;01-01-2022;;;02-01-2022;;;03-01-2022;;;04-01-2022;;;05-01-2022;;;06-01-2022;;;07-01-2022;;;08-01-2022;;;09-01-2022;;;10-01-2022;;;11-01-2022;;;12-01-2022;;;13-01-2022;;;14-01-2022;;;15-01-2022;;;16-01-2022;;;17-01-2022;;;18-01-2022;;;19-01-2022;;;20-01-2022;;;21-01-2022;;;22-01-2022;;;23-01-2022;;;24-01-2022;;;25-01-2022;;;26-01-2022;;;27-01-2022;;;28-01-2022;;;29-01-2022;;;30-01-2022;;;31-01-2022;;;01-02-2022;;;02-02-2022;;;03-02-2022;;;04-02-2022;;;05-02-2022;;;06-02-2022;;;07-02-2022;;;08-02-2022;;;09-02-2022;;;10-02-2022;;;11-02-2022;;;12-02-2022;;;13-02-2022;;;14-02-2022;;;15-02-2022;;;16-02-2022;;;17-02-2022;;;18-02-2022;;;19-02-2022;;;20-02-2022;;;21-02-2022;;;22-02-2022;;;23-02-2022;;;24-02-2022;;;25-02-2022;;;26-02-2022;;;27-02-2022;;;28-02-2022;;;01-03-2022;;;02-03-2022;;;03-03-2022;;;04-03-2022;;;05-03-2022;;;06-03-2022;;;07-03-2022;;;08-03-2022;;;09-03-2022;;;10-03-2022;;;11-03-2022;;;12-03-2022;;;13-03-2022;;;14-03-2022;;;15-03-2022;;;16-03-2022;;;17-03-2022;;;18-03-2022;;;19-03-2022;;;20-03-2022;;;21-03-2022;;;22-03-2022;;;23-03-2022;;;24-03-2022;;;25-03-2022;;;26-03-2022;;;27-03-2022;;;28-03-2022;;;29-03-2022;;;30-03-2022;;;31-03-2022;;;01-04-2022;;;02-04-2022;;;03-04-2022;;;04-04-2022;;;05-04-2022;;;06-04-2022;;;07-04-2022;;;08-04-2022;;;09-04-2022;;;10-04-2022;;;11-04-2022;;;12-04-2022;;;13-04-2022;;;14-04-2022;;;15-04-2022;;;16-04-2022;;;17-04-2022;;;18-04-2022;;;19-04-2022;;;20-04-2022;;;21-04-2022;;;22-04-2022;;;23-04-2022;;;24-04-2022;;;25-04-2022;;;26-04-2022;;;27-04-2022;;;28-04-2022;;;29-04-2022;;;30-04-2022;;;01-05-2022;;;02-05-2022;;;03-05-2022;;;04-05-2022;;;05-05-2022;;;06-05-2022;;;07-05-2022;;;08-05-2022;;;09-05-2022;;;10-05-2022;;;11-05-2022;;;12-05-2022;;;13-05-2022;;;14-05-2022;;;15-05-2022;;;16-05-2022;;;17-05-2022;;;18-05-2022;;;19-05-2022;;;20-05-2022;;;21-05-2022;;;22-05-2022;;;23-05-2022;;;24-05-2022;;;25-05-2022;;;26-05-2022;;;27-05-2022;;;28-05-2022;;;29-05-2022;;;30-05-2022;;;31-05-2022;;;01-06-2022;;;02-06-2022;;;03-06-2022;;;04-06-2022;;;05-06-2022;;;06-06-2022;;;07-06-2022;;;08-06-2022;;;09-06-2022;;;10-06-2022;;;11-06-2022;;;12-06-2022;;;13-06-2022;;;14-06-2022;;;15-06-2022;;;16-06-2022;;;17-06-2022;;;18-06-2022;;;19-06-2022;;;20-06-2022;;;21-06-2022;;;22-06-2022;;;23-06-2022;;;24-06-2022;;;25-06-2022;;;26-06-2022;;;27-06-2022;;;28-06-2022;;;29-06-2022;;;30-06-2022;;;01-07-2022;;;02-07-2022;;;03-07-2022;;;04-07-2022;;;05-07-2022;;;06-07-2022;;;07-07-2022;;;08-07-2022;;;09-07-2022;;;10-07-2022;;;11-07-2022;;;12-07-2022;;;13-07-2022;;;14-07-2022;;;15-07-2022;;;16-07-2022;;;17-07-2022;;;18-07-2022;;;19-07-2022;;;20-07-2022;;;21-07-2022;;;22-07-2022;;;23-07-2022;;;24-07-2022;;;25-07-2022;;;26-07-2022;;;27-07-2022;;;28-07-2022;;;29-07-2022;;;30-07-2022;;;31-07-2022;;;01-08-2022;;;02-08-2022;;;03-08-2022;;;04-08-2022;;;05-08-2022;;;06-08-2022;;;07-08-2022;;;08-08-2022;;;09-08-2022;;;10-08-2022;;;11-08-2022;;;12-08-2022;;;13-08-2022;;;14-08-2022;;;15-08-2022;;;16-08-2022;;;17-08-2022;;;18-08-2022;;;19-08-2022;;;20-08-2022;;;21-08-2022;;;22-08-2022;;;23-08-2022;;;24-08-2022;;;25-08-2022;;;26-08-2022;;;27-08-2022;;;28-08-2022;;;29-08-2022;;;30-08-2022;;;31-08-2022;;;01-09-2022;;;02-09-2022;;;03-09-2022;;;04-09-2022;;;05-09-2022;;;06-09-2022;;;07-09-2022;;;08-09-2022;;;09-09-2022;;;10-09-2022;;;11-09-2022;;;12-09-2022;;;13-09-2022;;;14-09-2022;;;15-09-2022;;;16-09-2022;;;17-09-2022;;;18-09-2022;;;19-09-2022;;;20-09-2022;;;21-09-2022;;;22-09-2022;;;23-09-2022;;;24-09-2022;;;25-09-2022;;;26-09-2022;;;27-09-2022;;;28-09-2022;;;29-09-2022;;;30-09-2022;;;01-10-2022;;;02-10-2022;;;03-10-2022;;;04-10-2022;;;05-10-2022;;;06-10-2022;;;07-10-2022;;;08-10-2022;;;09-10-2022;;;10-10-2022;;;11-10-2022;;;12-10-2022;;;13-10-2022;;;14-10-2022;;;15-10-2022;;;16-10-2022;;;17-10-2022;;;18-10-2022;;;19-10-2022;;;20-10-2022;;;21-10-2022;;;22-10-2022;;;23-10-2022;;;24-10-2022;;;25-10-2022;;;26-10-2022;;;27-10-2022;;;28-10-2022;;;29-10-2022;;;30-10-2022;;;31-10-2022;;;01-11-2022;;;02-11-2022;;;03-11-2022;;;04-11-2022;;;05-11-2022;;;06-11-2022;;;07-11-2022;;;08-11-2022;;;09-11-2022;;;10-11-2022;;;11-11-2022;;;12-11-2022;;;13-11-2022;;;14-11-2022;;;15-11-2022;;;16-11-2022;;;17-11-2022;;;18-11-2022;;;19-11-2022;;;20-11-2022;;;21-11-2022;;;22-11-2022;;;23-11-2022;;;24-11-2022;;;25-11-2022;;;26-11-2022;;;27-11-2022;;;28-11-2022;;;29-11-2022;;;30-11-2022;;;01-12-2022;;;02-12-2022;;;03-12-2022;;;04-12-2022;;;05-12-2022;;;06-12-2022;;;07-12-2022;;;08-12-2022;;;09-12-2022;;;10-12-2022;;;11-12-2022;;;12-12-2022;;;13-12-2022;;;14-12-2022;;;15-12-2022;;;16-12-2022;;;17-12-2022;;;18-12-2022;;;19-12-2022;;;20-12-2022;;;21-12-2022;;;22-12-2022;;;23-12-2022;;;24-12-2022;;;25-12-2022;;;26-12-2022;;;27-12-2022;;;28-12-2022;;;29-12-2022;;;30-12-2022;;
;;;31-12-2021;31-12-2021;31-12-2021;01-01-2022;01-01-2022;01-01-2022;02-01-2022;02-01-2022;02-01-2022;03-01-2022;03-01-2022;03-01-2022;04-01-2022;04-01-2022;04-01-2022;05-01-2022;05-01-2022;05-01-2022;06-01-2022;06-01-2022;06-01-2022;07-01-2022;07-01-2022;07-01-2022;08-01-2022;08-01-2022;08-01-2022;09-01-2022;09-01-2022;09-01-2022;10-01-2022;10-01-2022;10-01-2022;11-01-2022;11-01-2022;11-01-2022;12-01-2022;12-01-2022;12-01-2022;13-01-2022;13-01-2022;13-01-2022;14-01-2022;14-01-2022;14-01-2022;15-01-2022;15-01-2022;15-01-2022;16-01-2022;16-01-2022;16-01-2022;17-01-2022;17-01-2022;17-01-2022;18-01-2022;18-01-2022;18-01-2022;19-01-2022;19-01-2022;19-01-2022;20-01-2022;20-01-2022;20-01-2022;21-01-2022;21-01-2022;21-01-2022;22-01-2022;22-01-2022;22-01-2022;23-01-2022;23-01-2022;23-01-2022;24-01-2022;24-01-2022;24-01-2022;25-01-2022;25-01-2022;25-01-2022;26-01-2022;26-01-2022;26-01-2022;27-01-2022;27-01-2022;27-01-2022;28-01-2022;28-01-2022;28-01-2022;29-01-2022;29-01-2022;29-01-2022;30-01-2022;30-01-2022;30-01-2022;31-01-2022;31-01-2022;31-01-2022;01-02-2022;01-02-2022;01-02-2022;02-02-2022;02-02-2022;02-02-2022;03-02-2022;03-02-2022;03-02-2022;04-02-2022;04-02-2022;04-02-2022;05-02-2022;05-02-2022;05-02-2022;06-02-2022;06-02-2022;06-02-2022;07-02-2022;07-02-2022;07-02-2022;08-02-2022;08-02-2022;08-02-2022;09-02-2022;09-02-2022;09-02-2022;10-02-2022;10-02-2022;10-02-2022;11-02-2022;11-02-2022;11-02-2022;12-02-2022;12-02-2022;12-02-2022;13-02-2022;13-02-2022;13-02-2022;14-02-2022;14-02-2022;14-02-2022;15-02-2022;15-02-2022;15-02-2022;16-02-2022;16-02-2022;16-02-2022;17-02-2022;17-02-2022;17-02-2022;18-02-2022;18-02-2022;18-02-2022;19-02-2022;19-02-2022;19-02-2022;20-02-2022;20-02-2022;20-02-2022;21-02-2022;21-02-2022;21-02-2022;22-02-2022;22-02-2022;22-02-2022;23-02-2022;23-02-2022;23-02-2022;24-02-2022;24-02-2022;24-02-2022;25-02-2022;25-02-2022;25-02-2022;26-02-2022;26-02-2022;26-02-2022;27-02-2022;27-02-2022;27-02-2022;28-02-2022;28-02-2022;28-02-2022;01-03-2022;01-03-2022;01-03-2022;02-03-2022;02-03-2022;02-03-2022;03-03-2022;03-03-2022;03-03-2022;04-03-2022;04-03-2022;04-03-2022;05-03-2022;05-03-2022;05-03-2022;06-03-2022;06-03-2022;06-03-2022;07-03-2022;07-03-2022;07-03-2022;08-03-2022;08-03-2022;08-03-2022;09-03-2022;09-03-2022;09-03-2022;10-03-2022;10-03-2022;10-03-2022;11-03-2022;11-03-2022;11-03-2022;12-03-2022;12-03-2022;12-03-2022;13-03-2022;13-03-2022;13-03-2022;14-03-2022;14-03-2022;14-03-2022;15-03-2022;15-03-2022;15-03-2022;16-03-2022;16-03-2022;16-03-2022;17-03-2022;17-03-2022;17-03-2022;18-03-2022;18-03-2022;18-03-2022;19-03-2022;19-03-2022;19-03-2022;20-03-2022;20-03-2022;20-03-2022;21-03-2022;21-03-2022;21-03-2022;22-03-2022;22-03-2022;22-03-2022;23-03-2022;23-03-2022;23-03-2022;24-03-2022;24-03-2022;24-03-2022;25-03-2022;25-03-2022;25-03-2022;26-03-2022;26-03-2022;26-03-2022;27-03-2022;27-03-2022;27-03-2022;28-03-2022;28-03-2022;28-03-2022;29-03-2022;29-03-2022;29-03-2022;30-03-2022;30-03-2022;30-03-2022;31-03-2022;31-03-2022;31-03-2022;01-04-2022;01-04-2022;01-04-2022;02-04-2022;02-04-2022;02-04-2022;03-04-2022;03-04-2022;03-04-2022;04-04-2022;04-04-2022;04-04-2022;05-04-2022;05-04-2022;05-04-2022;06-04-2022;06-04-2022;06-04-2022;07-04-2022;07-04-2022;07-04-2022;08-04-2022;08-04-2022;08-04-2022;09-04-2022;09-04-2022;09-04-2022;10-04-2022;10-04-2022;10-04-2022;11-04-2022;11-04-2022;11-04-2022;12-04-2022;12-04-2022;12-04-2022;13-04-2022;13-04-2022;13-04-2022;14-04-2022;14-04-2022;14-04-2022;15-04-2022;15-04-2022;15-04-2022;16-04-2022;16-04-2022;16-04-2022;17-04-2022;17-04-2022;17-04-2022;18-04-2022;18-04-2022;18-04-2022;19-04-2022;19-04-2022;19-04-2022;20-04-2022;20-04-2022;20-04-2022;21-04-2022;21-04-2022;21-04-2022;22-04-2022;22-04-2022;22-04-2022;23-04-2022;23-04-2022;23-04-2022;24-04-2022;24-04-2022;24-04-2022;25-04-2022;25-04-2022;25-04-2022;26-04-2022;26-04-2022;26-04-2022;27-04-2022;27-04-2022;27-04-2022;28-04-2022;28-04-2022;28-04-2022;29-04-2022;29-04-2022;29-04-2022;30-04-2022;30-04-2022;30-04-2022;01-05-2022;01-05-2022;01-05-2022;02-05-2022;02-05-2022;02-05-2022;03-05-2022;03-05-2022;03-05-2022;04-05-2022;04-05-2022;04-05-2022;05-05-2022;05-05-2022;05-05-2022;06-05-2022;06-05-2022;06-05-2022;07-05-2022;07-05-2022;07-05-2022;08-05-2022;08-05-2022;08-05-2022;09-05-2022;09-05-2022;09-05-2022;10-05-2022;10-05-2022;10-05-2022;11-05-2022;11-05-2022;11-05-2022;12-05-2022;12-05-2022;12-05-2022;13-05-2022;13-05-2022;13-05-2022;14-05-2022;14-05-2022;14-05-2022;15-05-2022;15-05-2022;15-05-2022;16-05-2022;16-05-2022;16-05-2022;17-05-2022;17-05-2022;17-05-2022;18-05-2022;18-05-2022;18-05-2022;19-05-2022;19-05-2022;19-05-2022;20-05-2022;20-05-2022;20-05-2022;21-05-2022;21-05-2022;21-05-2022;22-05-2022;22-05-2022;22-05-2022;23-05-2022;23-05-2022;23-05-2022;24-05-2022;24-05-2022;24-05-2022;25-05-2022;25-05-2022;25-05-2022;26-05-2022;26-05-2022;26-05-2022;27-05-2022;27-05-2022;27-05-2022;28-05-2022;28-05-2022;28-05-2022;29-05-2022;29-05-2022;29-05-2022;30-05-2022;30-05-2022;30-05-2022;31-05-2022;31-05-2022;31-05-2022;01-06-2022;01-06-2022;01-06-2022;02-06-2022;02-06-2022;02-06-2022;03-06-2022;03-06-2022;03-06-2022;04-06-2022;04-06-2022;04-06-2022;05-06-2022;05-06-2022;05-06-2022;06-06-2022;06-06-2022;06-06-2022;07-06-2022;07-06-2022;07-06-2022;08-06-2022;08-06-2022;08-06-2022;09-06-2022;09-06-2022;09-06-2022;10-06-2022;10-06-2022;10-06-2022;11-06-2022;11-06-2022;11-06-2022;12-06-2022;12-06-2022;12-06-2022;13-06-2022;13-06-2022;13-06-2022;14-06-2022;14-06-2022;14-06-2022;15-06-2022;15-06-2022;15-06-2022;16-06-2022;16-06-2022;16-06-2022;17-06-2022;17-06-2022;17-06-2022;18-06-2022;18-06-2022;18-06-2022;19-06-2022;19-06-2022;19-06-2022;20-06-2022;20-06-2022;20-06-2022;21-06-2022;21-06-2022;21-06-2022;22-06-2022;22-06-2022;22-06-2022;23-06-2022;23-06-2022;23-06-2022;24-06-2022;24-06-2022;24-06-2022;25-06-2022;25-06-2022;25-06-2022;26-06-2022;26-06-2022;26-06-2022;27-06-2022;27-06-2022;27-06-2022;28-06-2022;28-06-2022;28-06-2022;29-06-2022;29-06-2022;29-06-2022;30-06-2022;30-06-2022;30-06-2022;01-07-2022;01-07-2022;01-07-2022;02-07-2022;02-07-2022;02-07-2022;03-07-2022;03-07-2022;03-07-2022;04-07-2022;04-07-2022;04-07-2022;05-07-2022;05-07-2022;05-07-2022;06-07-2022;06-07-2022;06-07-2022;07-07-2022;07-07-2022;07-07-2022;08-07-2022;08-07-2022;08-07-2022;09-07-2022;09-07-2022;09-07-2022;10-07-2022;10-07-2022;10-07-2022;11-07-2022;11-07-2022;11-07-2022;12-07-2022;12-07-2022;12-07-2022;13-07-2022;13-07-2022;13-07-2022;14-07-2022;14-07-2022;14-07-2022;15-07-2022;15-07-2022;15-07-2022;16-07-2022;16-07-2022;16-07-2022;17-07-2022;17-07-2022;17-07-2022;18-07-2022;18-07-2022;18-07-2022;19-07-2022;19-07-2022;19-07-2022;20-07-2022;20-07-2022;20-07-2022;21-07-2022;21-07-2022;21-07-2022;22-07-2022;22-07-2022;22-07-2022;23-07-2022;23-07-2022;23-07-2022;24-07-2022;24-07-2022;24-07-2022;25-07-2022;25-07-2022;25-07-2022;26-07-2022;26-07-2022;26-07-2022;27-07-2022;27-07-2022;27-07-2022;28-07-2022;28-07-2022;28-07-2022;29-07-2022;29-07-2022;29-07-2022;30-07-2022;30-07-2022;30-07-2022;31-07-2022;31-07-2022;31-07-2022;01-08-2022;01-08-2022;01-08-2022;02-08-2022;02-08-2022;02-08-2022;03-08-2022;03-08-2022;03-08-2022;04-08-2022;04-08-2022;04-08-2022;05-08-2022;05-08-2022;05-08-2022;06-08-2022;06-08-2022;06-08-2022;07-08-2022;07-08-2022;07-08-2022;08-08-2022;08-08-2022;08-08-2022;09-08-2022;09-08-2022;09-08-2022;10-08-2022;10-08-2022;10-08-2022;11-08-2022;11-08-2022;11-08-2022;12-08-2022;12-08-2022;12-08-2022;13-08-2022;13-08-2022;13-08-2022;14-08-2022;14-08-2022;14-08-2022;15-08-2022;15-08-2022;15-08-2022;16-08-2022;16-08-2022;16-08-2022;17-08-2022;17-08-2022;17-08-2022;18-08-2022;18-08-2022;18-08-2022;19-08-2022;19-08-2022;19-08-2022;20-08-2022;20-08-2022;20-08-2022;21-08-2022;21-08-2022;21-08-2022;22-08-2022;22-08-2022;22-08-2022;23-08-2022;23-08-2022;23-08-2022;24-08-2022;24-08-2022;24-08-2022;25-08-2022;25-08-2022;25-08-2022;26-08-2022;26-08-2022;26-08-2022;27-08-2022;27-08-2022;27-08-2022;28-08-2022;28-08-2022;28-08-2022;29-08-2022;29-08-2022;29-08-2022;30-08-2022;30-08-2022;30-08-2022;31-08-2022;31-08-2022;31-08-2022;01-09-2022;01-09-2022;01-09-2022;02-09-2022;02-09-2022;02-09-2022;03-09-2022;03-09-2022;03-09-2022;04-09-2022;04-09-2022;04-09-2022;05-09-2022;05-09-2022;05-09-2022;06-09-2022;06-09-2022;06-09-2022;07-09-2022;07-09-2022;07-09-2022;08-09-2022;08-09-2022;08-09-2022;09-09-2022;09-09-2022;09-09-2022;10-09-2022;10-09-2022;10-09-2022;11-09-2022;11-09-2022;11-09-2022;12-09-2022;12-09-2022;12-09-2022;13-09-2022;13-09-2022;13-09-2022;14-09-2022;14-09-2022;14-09-2022;15-09-2022;15-09-2022;15-09-2022;16-09-2022;16-09-2022;16-09-2022;17-09-2022;17-09-2022;17-09-2022;18-09-2022;18-09-2022;18-09-2022;19-09-2022;19-09-2022;19-09-2022;20-09-2022;20-09-2022;20-09-2022;21-09-2022;21-09-2022;21-09-2022;22-09-2022;22-09-2022;22-09-2022;23-09-2022;23-09-2022;23-09-2022;24-09-2022;24-09-2022;24-09-2022;25-09-2022;25-09-2022;25-09-2022;26-09-2022;26-09-2022;26-09-2022;27-09-2022;27-09-2022;27-09-2022;28-09-2022;28-09-2022;28-09-2022;29-09-2022;29-09-2022;29-09-2022;30-09-2022;30-09-2022;30-09-2022;01-10-2022;01-10-2022;01-10-2022;02-10-2022;02-10-2022;02-10-2022;03-10-2022;03-10-2022;03-10-2022;04-10-2022;04-10-2022;04-10-2022;05-10-2022;05-10-2022;05-10-2022;06-10-2022;06-10-2022;06-10-2022;07-10-2022;07-10-2022;07-10-2022;08-10-2022;08-10-2022;08-10-2022;09-10-2022;09-10-2022;09-10-2022;10-10-2022;10-10-2022;10-10-2022;11-10-2022;11-10-2022;11-10-2022;12-10-2022;12-10-2022;12-10-2022;13-10-2022;13-10-2022;13-10-2022;14-10-2022;14-10-2022;14-10-2022;15-10-2022;15-10-2022;15-10-2022;16-10-2022;16-10-2022;16-10-2022;17-10-2022;17-10-2022;17-10-2022;18-10-2022;18-10-2022;18-10-2022;19-10-2022;19-10-2022;19-10-2022;20-10-2022;20-10-2022;20-10-2022;21-10-2022;21-10-2022;21-10-2022;22-10-2022;22-10-2022;22-10-2022;23-10-2022;23-10-2022;23-10-2022;24-10-2022;24-10-2022;24-10-2022;25-10-2022;25-10-2022;25-10-2022;26-10-2022;26-10-2022;26-10-2022;27-10-2022;27-10-2022;27-10-2022;28-10-2022;28-10-2022;28-10-2022;29-10-2022;29-10-2022;29-10-2022;30-10-2022;30-10-2022;30-10-2022;31-10-2022;31-10-2022;31-10-2022;01-11-2022;01-11-2022;01-11-2022;02-11-2022;02-11-2022;02-11-2022;03-11-2022;03-11-2022;03-11-2022;04-11-2022;04-11-2022;04-11-2022;05-11-2022;05-11-2022;05-11-2022;06-11-2022;06-11-2022;06-11-2022;07-11-2022;07-11-2022;07-11-2022;08-11-2022;08-11-2022;08-11-2022;09-11-2022;09-11-2022;09-11-2022;10-11-2022;10-11-2022;10-11-2022;11-11-2022;11-11-2022;11-11-2022;12-11-2022;12-11-2022;12-11-2022;13-11-2022;13-11-2022;13-11-2022;14-11-2022;14-11-2022;14-11-2022;15-11-2022;15-11-2022;15-11-2022;16-11-2022;16-11-2022;16-11-2022;17-11-2022;17-11-2022;17-11-2022;18-11-2022;18-11-2022;18-11-2022;19-11-2022;19-11-2022;19-11-2022;20-11-2022;20-11-2022;20-11-2022;21-11-2022;21-11-2022;21-11-2022;22-11-2022;22-11-2022;22-11-2022;23-11-2022;23-11-2022;23-11-2022;24-11-2022;24-11-2022;24-11-2022;25-11-2022;25-11-2022;25-11-2022;26-11-2022;26-11-2022;26-11-2022;27-11-2022;27-11-2022;27-11-2022;28-11-2022;28-11-2022;28-11-2022;29-11-2022;29-11-2022;29-11-2022;30-11-2022;30-11-2022;30-11-2022;01-12-2022;01-12-2022;01-12-2022;02-12-2022;02-12-2022;02-12-2022;03-12-2022;03-12-2022;03-12-2022;04-12-2022;04-12-2022;04-12-2022;05-12-2022;05-12-2022;05-12-2022;06-12-2022;06-12-2022;06-12-2022;07-12-2022;07-12-2022;07-12-2022;08-12-2022;08-12-2022;08-12-2022;09-12-2022;09-12-2022;09-12-2022;10-12-2022;10-12-2022;10-12-2022;11-12-2022;11-12-2022;11-12-2022;12-12-2022;12-12-2022;12-12-2022;13-12-2022;13-12-2022;13-12-2022;14-12-2022;14-12-2022;14-12-2022;15-12-2022;15-12-2022;15-12-2022;16-12-2022;16-12-2022;16-12-2022;17-12-2022;17-12-2022;17-12-2022;18-12-2022;18-12-2022;18-12-2022;19-12-2022;19-12-2022;19-12-2022;20-12-2022;20-12-2022;20-12-2022;21-12-2022;21-12-2022;21-12-2022;22-12-2022;22-12-2022;22-12-2022;23-12-2022;23-12-2022;23-12-2022;24-12-2022;24-12-2022;24-12-2022;25-12-2022;25-12-2022;25-12-2022;26-12-2022;26-12-2022;26-12-2022;27-12-2022;27-12-2022;27-12-2022;28-12-2022;28-12-2022;28-12-2022;29-12-2022;29-12-2022;29-12-2022;30-12-2022;30-12-2022;30-12-2022
;;;Distribución;Cu2+;H+;Distribución;Cu2+;H+;Distribución;Cu2+;H+;Distribución;Cu2+;H+;Distribución;Cu2+;H+;Distribución;Cu2+;H+;Distribución;Cu2+;H+;Distribución;Cu2+;H+;Distribución;Cu2+;H+;Distribución;Cu2+;H+;Distribución;Cu2+;H+;Distribución;Cu2+;H+;Distribución;Cu2+;H+;Distribución;Cu2+;H+;Distribución;Cu2+;H+;Distribución;Cu2+;H+;Distribución;Cu2+;H+;Distribución;Cu2+;H+;Distribución;Cu2+;H+;Distribución;Cu2+;H+;Distribución;Cu2+;H+;Distribución;Cu2+;H+;Distribución;Cu2+;H+;Distribución;Cu2+;H+;Distribución;Cu2+;H+;Distribución;Cu2+;H+;Distribución;Cu2+;H+;Distribución;Cu2+;H+;Distribución;Cu2+;H+;Distribución;Cu2+;H+;Distribución;Cu2+;H+;Distribución;Cu2+;H+;Distribución;Cu2+;H+;Distribución;Cu2+;H+;Distribución;Cu2+;H+;Distribución;Cu2+;H+;Distribución;Cu2+;H+;Distribución;Cu2+;H+;Distribución;Cu2+;H+;Distribución;Cu2+;H+;Distribución;Cu2+;H+;Distribución;Cu2+;H+;Distribución;Cu2+;H+;Distribución;Cu2+;H+;Distribución;Cu2+;H+;Distribución;Cu2+;H+;Distribución;Cu2+;H+;Distribución;Cu2+;H+;Distribución;Cu2+;H+;Distribución;Cu2+;H+;Distribución;Cu2+;H+;Distribución;Cu2+;H+;Distribución;Cu2+;H+;Distribución;Cu2+;H+;Distribución;Cu2+;H+;Distribución;Cu2+;H+;Distribución;Cu2+;H+;Distribución;Cu2+;H+;Distribución;Cu2+;H+;;;;;;;;;;;;;;;;;;;;;;;;;;;;;;;;;;;;;;;;;;;;;;;;;;;;;;;;;;;;;;;;;;;;;;;;;;;;;;;;;;;;;;;;;;;;;;;;;;;;;;;;;;;;;;;;;;;;;;;;;;;;;;;;;;;;;;;;;;;;;;;;;;;;;;;;;;;;;;;;;;;;;;;;;;;;;;;;;;;;;;;;;;;;;;;;;;;;;;;;;;;;;;;;;;;;;;;;;;;;;;;;;;;;;;;;;;;;;;;;;;;;;;;;;;;;;;;;;;;;;;;;;;;;;;;;;;;;;;;;;;;;;;;;;;;;;;;;;;;;;;;;;;;;;;;;;;;;;;;;;;;;;;;;;;;;;;;;;;;;;;;;;;;;;;;;;;;;;;;;;;;;;;;;;;;;;;;;;;;;;;;;;;;;;;;;;;;;;;;;;;;;;;;;;;;;;;;;;;;;;;;;;;;;;;;;;;;;;;;;;;;;;;;;;;;;;;;;;;;;;;;;;;;;;;;;;;;;;;;;;;;;;;;;;;;;;;;;;;;;;;;;;;;;;;;;;;;;;;;;;;;;;;;;;;;;;;;;;;;;;;;;;;;;;;;;;;;;;;;;;;;;;;;;;;;;;;;;;;;;;;;;;;;;;;;;;;;;;;;;;;;;;;;;;;;;;;;;;;;;;;;;;;;;;;;;;;;;;;;;;;;;;;;;;;;;;;;;;;;;;;;;;;;;;;;;;;;;;;;;;;;;;;;;;;;;;;;;;;;;;;;;;;;;;;;;;;;;;;;;;;;;;;;;;;;;;;;;;;;;;;;;;;;;;;;;;;;;;;;;;;;;;;;;;;;;;;;;;;;;;;;;;;;;;;;;;;;;;;;;;;;;;;;;;;;;;;;;;;;;;;;;;;;;;;;;;;;;;;;;;;;;;;;;;;;;;;;;;;;;;;;;;;;;;;;;;;;;;;;;;;;;;;;;;;;;;;;;;;;;;;;;;;;;;;;;;;;;;;
;;;;gpl;gpl;;gpl;gpl;;gpl;gpl;;gpl;gpl;;gpl;gpl;;gpl;gpl;;gpl;gpl;;gpl;gpl;;gpl;gpl;;gpl;gpl;;gpl;gpl;;gpl;gpl;;gpl;gpl;;gpl;gpl;;gpl;gpl;;gpl;gpl;;gpl;gpl;;gpl;gpl;;gpl;gpl;;gpl;gpl;;gpl;gpl;;gpl;gpl;;gpl;gpl;;gpl;gpl;;gpl;gpl;;gpl;gpl;;gpl;gpl;;gpl;gpl;;gpl;gpl;;gpl;gpl;;gpl;gpl;;gpl;gpl;;gpl;gpl;;gpl;gpl;;gpl;gpl;;gpl;gpl;;gpl;gpl;;gpl;gpl;;gpl;gpl;;gpl;gpl;;gpl;gpl;;gpl;gpl;;gpl;gpl;;gpl;gpl;;gpl;gpl;;gpl;gpl;;gpl;gpl;;gpl;gpl;;gpl;gpl;;gpl;gpl;;gpl;gpl;;gpl;gpl;;gpl;gpl;;gpl;gpl;;gpl;gpl;;gpl;gpl;;gpl;gpl;;gpl;gpl;;gpl;gpl;;;;;;;;;;;;;;;;;;;;;;;;;;;;;;;;;;;;;;;;;;;;;;;;;;;;;;;;;;;;;;;;;;;;;;;;;;;;;;;;;;;;;;;;;;;;;;;;;;;;;;;;;;;;;;;;;;;;;;;;;;;;;;;;;;;;;;;;;;;;;;;;;;;;;;;;;;;;;;;;;;;;;;;;;;;;;;;;;;;;;;;;;;;;;;;;;;;;;;;;;;;;;;;;;;;;;;;;;;;;;;;;;;;;;;;;;;;;;;;;;;;;;;;;;;;;;;;;;;;;;;;;;;;;;;;;;;;;;;;;;;;;;;;;;;;;;;;;;;;;;;;;;;;;;;;;;;;;;;;;;;;;;;;;;;;;;;;;;;;;;;;;;;;;;;;;;;;;;;;;;;;;;;;;;;;;;;;;;;;;;;;;;;;;;;;;;;;;;;;;;;;;;;;;;;;;;;;;;;;;;;;;;;;;;;;;;;;;;;;;;;;;;;;;;;;;;;;;;;;;;;;;;;;;;;;;;;;;;;;;;;;;;;;;;;;;;;;;;;;;;;;;;;;;;;;;;;;;;;;;;;;;;;;;;;;;;;;;;;;;;;;;;;;;;;;;;;;;;;;;;;;;;;;;;;;;;;;;;;;;;;;;;;;;;;;;;;;;;;;;;;;;;;;;;;;;;;;;;;;;;;;;;;;;;;;;;;;;;;;;;;;;;;;;;;;;;;;;;;;;;;;;;;;;;;;;;;;;;;;;;;;;;;;;;;;;;;;;;;;;;;;;;;;;;;;;;;;;;;;;;;;;;;;;;;;;;;;;;;;;;;;;;;;;;;;;;;;;;;;;;;;;;;;;;;;;;;;;;;;;;;;;;;;;;;;;;;;;;;;;;;;;;;;;;;;;;;;;;;;;;;;;;;;;;;;;;;;;;;;;;;;;;;;;;;;;;;;;;;;;;;;;;;;;;;;;;;;;;;;;;;;;;;;;;;;;;;;;;;;;;;;;;;;;;;;;;;;;;;
;;;1;2;3;4;5;6;7;8;9;10;11;12;13;14;15;16;17;18;19;20;21;22;23;24;25;26;27;28;29;30;31;32;33;34;35;36;37;38;39;40;41;42;43;44;45;46;47;48;49;50;51;52;53;54;55;56;57;58;59;60;61;62;63;64;65;66;67;68;69;70;71;72;73;74;75;76;77;78;79;80;81;82;83;84;85;86;87;88;89;90;91;92;93;94;95;96;97;98;99;100;101;102;103;104;105;106;107;108;109;110;111;112;113;114;115;116;117;118;119;120;121;122;123;124;125;126;127;128;129;130;131;132;133;134;135;136;137;138;139;140;141;142;143;144;145;146;147;148;149;150;151;152;153;154;155;156;157;158;159;160;161;162;163;164;165;166;167;168;169;170;171;172;173;174;175;176;177;;;;;;;;;;;;;;;;;;;;;;;;;;;;;;;;;;;;;;;;;;;;;;;;;;;;;;;;;;;;;;;;;;;;;;;;;;;;;;;;;;;;;;;;;;;;;;;;;;;;;;;;;;;;;;;;;;;;;;;;;;;;;;;;;;;;;;;;;;;;;;;;;;;;;;;;;;;;;;;;;;;;;;;;;;;;;;;;;;;;;;;;;;;;;;;;;;;;;;;;;;;;;;;;;;;;;;;;;;;;;;;;;;;;;;;;;;;;;;;;;;;;;;;;;;;;;;;;;;;;;;;;;;;;;;;;;;;;;;;;;;;;;;;;;;;;;;;;;;;;;;;;;;;;;;;;;;;;;;;;;;;;;;;;;;;;;;;;;;;;;;;;;;;;;;;;;;;;;;;;;;;;;;;;;;;;;;;;;;;;;;;;;;;;;;;;;;;;;;;;;;;;;;;;;;;;;;;;;;;;;;;;;;;;;;;;;;;;;;;;;;;;;;;;;;;;;;;;;;;;;;;;;;;;;;;;;;;;;;;;;;;;;;;;;;;;;;;;;;;;;;;;;;;;;;;;;;;;;;;;;;;;;;;;;;;;;;;;;;;;;;;;;;;;;;;;;;;;;;;;;;;;;;;;;;;;;;;;;;;;;;;;;;;;;;;;;;;;;;;;;;;;;;;;;;;;;;;;;;;;;;;;;;;;;;;;;;;;;;;;;;;;;;;;;;;;;;;;;;;;;;;;;;;;;;;;;;;;;;;;;;;;;;;;;;;;;;;;;;;;;;;;;;;;;;;;;;;;;;;;;;;;;;;;;;;;;;;;;;;;;;;;;;;;;;;;;;;;;;;;;;;;;;;;;;;;;;;;;;;;;;;;;;;;;;;;;;;;;;;;;;;;;;;;;;;;;;;;;;;;;;;;;;;;;;;;;;;;;;;;;;;;;;;;;;;;;;;;;;;;;;;;;;;;;;;;;;;;;;;;;;;;;;;;;;;;;;;;;;;;;;;;;;;;;;;;;;;;;;
MERCEDES FASE 2;;DRENAJE 1;ILS;1,24;0,50;ILS;1,14;0,80;ILS;1,06;0,60;ILS;1,04;0,70;ILS;1,04;0,90;ils;1,10;0,80;ils;1,02;0,80;ils;1,04;0,80;ils;1,06;0,80;ils;1,06;0,70;ils;0,98;0,90;ils;1,20;1,10;ils;1,04;0,70;ils;1,04;0,90;ils;1,02;0,60;ils;1,00;0,80;ils;1,00;0,80;ils;1,00;0,90;ils;1,00;0,60;ils;1,12;0,70;ils;1,00;0,70;ils;0,98;0,50;ils;1,00;0,70;ils;1,10;0,60;ils;0,96;0,60;ils;1,02;0,80;ILS;0,98;0,80;ILS;0,98;0,60;ILS;0,96;0,80;ILS;0,98;0,70;ILS;1,00;0,80;ILS;1,00;0,60;ILS;0,96;0,90;ils;0,98;0,60;ils;0,98;0,90;ils;0,98;1,20;ils;0,96;1,40;ils;0,94;0,60;ils;0,90;1,10;ils;0,98;1,20;ils;0,88;0,90;ils;0,94;0,80;ils;0,96;0,90;ILS;0,92;0,70;ILS;0,00;0,00;ILS;0,00;0,00;ILS;0,84;0,80;ILS;0,94;0,80;0,00;0,00;0,00;0,00;0,00;0,00;0,00;0,00;0,00;0,00;0,00;0,00;0,00;0,00;0,00;0,00;0,00;0,00;0,00;0,00;0,00;0,00;0,00;0,00;0,00;0,00;0,00;0,00;0,00;0,00;0,00;0,00;0,00;;;;;;;;;;;;;;;;;;;;;;;;;;;;;;;;;;;;;;;;;;;;;;;;;;;;;;;;;;;;;;;;;;;;;;;;;;;;;;;;;;;;;;;;;;;;;;;;;;;;;;;;;;;;;;;;;;;;;;;;;;;;;;;;;;;;;;;;;;;;;;;;;;;;;;;;;;;;;;;;;;;;;;;;;;;;;;;;;;;;;;;;;;;;;;;;;;;;;;;;;;;;;;;;;;;;;;;;;;;;;;;;;;;;;;;;;;;;;;;;;;;;;;;;;;;;;;;;;;;;;;;;;;;;;;;;;;;;;;;;;;;;;;;;;;;;;;;;;;;;;;;;;;;;;;;;;;;;;;;;;;;;;;;;;;;;;;;;;;;;;;;;;;;;;;;;;;;;;;;;;;;;;;;;;;;;;;;;;;;;;;;;;;;;;;;;;;;;;;;;;;;;;;;;;;;;;;;;;;;;;;;;;;;;;;;;;;;;;;;;;;;;;;;;;;;;;;;;;;;;;;;;;;;;;;;;;;;;;;;;;;;;;;;;;;;;;;;;;;;;;;;;;;;;;;;;;;;;;;;;;;;;;;;;;;;;;;;;;;;;;;;;;;;;;;;;;;;;;;;;;;;;;;;;;;;;;;;;;;;;;;;;;;;;;;;;;;;;;;;;;;;;;;;;;;;;;;;;;;;;;;;;;;;;;;;;;;;;;;;;;;;;;;;;;;;;;;;;;;;;;;;;;;;;;;;;;;;;;;;;;;;;;;;;;;;;;;;;;;;;;;;;;;;;;;;;;;;;;;;;;;;;;;;;;;;;;;;;;;;;;;;;;;;;;;;;;;;;;;;;;;;;;;;;;;;;;;;;;;;;;;;;;;;;;;;;;;;;;;;;;;;;;;;;;;;;;;;;;;;;;;;;;;;;;;;;;;;;;;;;;;;;;;;;;;;;;;;;;;;;;;;;;;;;;;;;;;;;;;;;;;;;;;;;;;;;;;;;;;;;;;;;;;;;;;;;;;;;;;
;;DRENAJE 2;PLS;1,38;0,50;PLS;1,42;0,80;ILS;1,34;0,50;ILS;1,40;0,70;ILS;1,38;0,80;ils;1,40;3,00;pls;1,34;0,60;pls;1,36;0,90;ils;1,42;0,80;pls;1,40;0,90;pls;1,34;0,80;pls;1,44;0,60;pls;1,30;0,60;pls;1,04;0,70;ils;1,26;0,50;ils;1,24;0,80;pls;1,22;0,70;pls;1,22;1,00;ils;1,24;0,70;ils;1,22;0,70;pls;1,22;0,50;ils;1,24;0,70;ils;1,20;0,80;ils;1,24;0,80;ils;1,18;0,80;ils;1,26;0,70;ILS;1,20;0,60;ILS;1,20;0,50;ILS;1,18;0,60;IL.S;1,16;0,60;ILS;1,20;0,90;ILS;1,18;0,50;ILS;1,18;0,70;ils;1,18;0,60;ils;1,20;0,70;ils;1,20;1,10;ils;1,18;1,00;ils;0,94;0,50;ils;1,14;0,70;pls;1,20;0,80;pls;1,14;1,10;pls;0,98;0,70;pls;1,18;1,00;PLS;1,12;0,70;PLS;0,00;0,00;PLS;0,00;0,00;PLS;1,02;0,80;PLS;1,10;0,70;0,00;0,00;0,00;0,00;0,00;0,00;0,00;0,00;0,00;0,00;0,00;0,00;0,00;0,00;0,00;0,00;0,00;0,00;0,00;0,00;0,00;0,00;0,00;0,00;0,00;0,00;0,00;0,00;0,00;0,00;0,00;0,00;0,00;;;;;;;;;;;;;;;;;;;;;;;;;;;;;;;;;;;;;;;;;;;;;;;;;;;;;;;;;;;;;;;;;;;;;;;;;;;;;;;;;;;;;;;;;;;;;;;;;;;;;;;;;;;;;;;;;;;;;;;;;;;;;;;;;;;;;;;;;;;;;;;;;;;;;;;;;;;;;;;;;;;;;;;;;;;;;;;;;;;;;;;;;;;;;;;;;;;;;;;;;;;;;;;;;;;;;;;;;;;;;;;;;;;;;;;;;;;;;;;;;;;;;;;;;;;;;;;;;;;;;;;;;;;;;;;;;;;;;;;;;;;;;;;;;;;;;;;;;;;;;;;;;;;;;;;;;;;;;;;;;;;;;;;;;;;;;;;;;;;;;;;;;;;;;;;;;;;;;;;;;;;;;;;;;;;;;;;;;;;;;;;;;;;;;;;;;;;;;;;;;;;;;;;;;;;;;;;;;;;;;;;;;;;;;;;;;;;;;;;;;;;;;;;;;;;;;;;;;;;;;;;;;;;;;;;;;;;;;;;;;;;;;;;;;;;;;;;;;;;;;;;;;;;;;;;;;;;;;;;;;;;;;;;;;;;;;;;;;;;;;;;;;;;;;;;;;;;;;;;;;;;;;;;;;;;;;;;;;;;;;;;;;;;;;;;;;;;;;;;;;;;;;;;;;;;;;;;;;;;;;;;;;;;;;;;;;;;;;;;;;;;;;;;;;;;;;;;;;;;;;;;;;;;;;;;;;;;;;;;;;;;;;;;;;;;;;;;;;;;;;;;;;;;;;;;;;;;;;;;;;;;;;;;;;;;;;;;;;;;;;;;;;;;;;;;;;;;;;;;;;;;;;;;;;;;;;;;;;;;;;;;;;;;;;;;;;;;;;;;;;;;;;;;;;;;;;;;;;;;;;;;;;;;;;;;;;;;;;;;;;;;;;;;;;;;;;;;;;;;;;;;;;;;;;;;;;;;;;;;;;;;;;;;;;;;;;;;;;;;;;;;;;;;;;;;;;;;;;;
;;DRENAJE 3;PLS;1,56;0,50;PLS;1,64;0,70;PLS;1,52;0,60;PLS;1,56;0,60;PLS;1,52;1,00;pls;1,56;0,80;pls;1,52;0,60;pls;1,54;0,60;pls;1,60;0,70;pls;1,52;0,50;pls;1,60;0,70;pls;1,36;0,70;pls;1,52;0,70;pls;1,56;0,50;pls;1,54;0,50;pls;1,46;0,60;pls;1,50;0,50;pls;1,38;0,60;pls;1,48;0,50;pls;1,44;0,50;pls;1,42;0,50;pls;1,42;0,50;ils;1,44;0,50;ils;1,44;0,50;pls;1,40;0,50;pls;1,50;0,60;PLS;1,40;0,50;PLS;1,42;0,50;PLS;1,40;0,60;PLS;1,40;0,60;PLS;1,44;0,50;PLS;1,40;0,60;PLS;1,40;0,70;pls;1,42;0,50;pls;1,42;0,50;pls;1,38;0,70;pls;1,40;0,70;pls;1,30;0,50;pls;1,30;0,50;pls;1,32;1,20;pls;1,24;0,80;pls;1,34;0,70;pls;1,32;0,90;PLS;1,36;0,50;PLS;0,00;0,00;PLS;0,00;0,00;PLS;1,24;0,70;PLS;1,34;0,80;0,00;0,00;0,00;0,00;0,00;0,00;0,00;0,00;0,00;0,00;0,00;0,00;0,00;0,00;0,00;0,00;0,00;0,00;0,00;0,00;0,00;0,00;0,00;0,00;0,00;0,00;0,00;0,00;0,00;0,00;0,00;0,00;0,00;;;;;;;;;;;;;;;;;;;;;;;;;;;;;;;;;;;;;;;;;;;;;;;;;;;;;;;;;;;;;;;;;;;;;;;;;;;;;;;;;;;;;;;;;;;;;;;;;;;;;;;;;;;;;;;;;;;;;;;;;;;;;;;;;;;;;;;;;;;;;;;;;;;;;;;;;;;;;;;;;;;;;;;;;;;;;;;;;;;;;;;;;;;;;;;;;;;;;;;;;;;;;;;;;;;;;;;;;;;;;;;;;;;;;;;;;;;;;;;;;;;;;;;;;;;;;;;;;;;;;;;;;;;;;;;;;;;;;;;;;;;;;;;;;;;;;;;;;;;;;;;;;;;;;;;;;;;;;;;;;;;;;;;;;;;;;;;;;;;;;;;;;;;;;;;;;;;;;;;;;;;;;;;;;;;;;;;;;;;;;;;;;;;;;;;;;;;;;;;;;;;;;;;;;;;;;;;;;;;;;;;;;;;;;;;;;;;;;;;;;;;;;;;;;;;;;;;;;;;;;;;;;;;;;;;;;;;;;;;;;;;;;;;;;;;;;;;;;;;;;;;;;;;;;;;;;;;;;;;;;;;;;;;;;;;;;;;;;;;;;;;;;;;;;;;;;;;;;;;;;;;;;;;;;;;;;;;;;;;;;;;;;;;;;;;;;;;;;;;;;;;;;;;;;;;;;;;;;;;;;;;;;;;;;;;;;;;;;;;;;;;;;;;;;;;;;;;;;;;;;;;;;;;;;;;;;;;;;;;;;;;;;;;;;;;;;;;;;;;;;;;;;;;;;;;;;;;;;;;;;;;;;;;;;;;;;;;;;;;;;;;;;;;;;;;;;;;;;;;;;;;;;;;;;;;;;;;;;;;;;;;;;;;;;;;;;;;;;;;;;;;;;;;;;;;;;;;;;;;;;;;;;;;;;;;;;;;;;;;;;;;;;;;;;;;;;;;;;;;;;;;;;;;;;;;;;;;;;;;;;;;;;;;;;;;;;;;;;;;;;;;;;;;;;;;;;;;;;;
;;DRENAJE 4;PLS;2,00;0,50;PLS;2,08;0,50;PLS;2,04;0,40;PLS;2,10;0,50;PLS;2,00;0,50;pls;2,08;0,10;pls;2,04;0,60;pls;2,06;0,50;pls;2,12;1,10;pls;2,00;0,50;pls;2,10;6,00;pls;2,42;0,50;pls;1,78;0,50;pls;1,90;0,50;pls;1,96;0,50;pls;1,84;0,50;pls;1,84;0,50;pls;1,78;0,50;pls;1,82;0,50;pls;1,84;0,50;pls;1,82;0,50;pls;1,86;0,50;pls;1,86;0,50;pls;1,88;0,50;pls;1,82;0,50;pls;1,92;0,40;PLS;1,82;0,50;PLS;1,92;0,50;PLS;1,86;0,50;PLS;1,86;0,50;PLS;1,82;0,50;PLS;1,80;0,50;PLS;1,84;0,70;pls;1,86;0,50;pls;1,84;0,50;pls;1,86;0,50;pls;1,84;0,50;pls;1,84;0,50;pls;1,78;0,50;pls;1,88;0,50;pls;1,86;0,70;pls;1,84;0,50;pls;1,84;0,70;PLS;1,88;0,50;PLS;0,00;0,00;PLS;0,00;0,00;PLS;1,72;0,50;PLS;1,78;0,60;0,00;0,00;0,00;0,00;0,00;0,00;0,00;0,00;0,00;0,00;0,00;0,00;0,00;0,00;0,00;0,00;0,00;0,00;0,00;0,00;0,00;0,00;0,00;0,00;0,00;0,00;0,00;0,00;0,00;0,00;0,00;0,00;0,00;;;;;;;;;;;;;;;;;;;;;;;;;;;;;;;;;;;;;;;;;;;;;;;;;;;;;;;;;;;;;;;;;;;;;;;;;;;;;;;;;;;;;;;;;;;;;;;;;;;;;;;;;;;;;;;;;;;;;;;;;;;;;;;;;;;;;;;;;;;;;;;;;;;;;;;;;;;;;;;;;;;;;;;;;;;;;;;;;;;;;;;;;;;;;;;;;;;;;;;;;;;;;;;;;;;;;;;;;;;;;;;;;;;;;;;;;;;;;;;;;;;;;;;;;;;;;;;;;;;;;;;;;;;;;;;;;;;;;;;;;;;;;;;;;;;;;;;;;;;;;;;;;;;;;;;;;;;;;;;;;;;;;;;;;;;;;;;;;;;;;;;;;;;;;;;;;;;;;;;;;;;;;;;;;;;;;;;;;;;;;;;;;;;;;;;;;;;;;;;;;;;;;;;;;;;;;;;;;;;;;;;;;;;;;;;;;;;;;;;;;;;;;;;;;;;;;;;;;;;;;;;;;;;;;;;;;;;;;;;;;;;;;;;;;;;;;;;;;;;;;;;;;;;;;;;;;;;;;;;;;;;;;;;;;;;;;;;;;;;;;;;;;;;;;;;;;;;;;;;;;;;;;;;;;;;;;;;;;;;;;;;;;;;;;;;;;;;;;;;;;;;;;;;;;;;;;;;;;;;;;;;;;;;;;;;;;;;;;;;;;;;;;;;;;;;;;;;;;;;;;;;;;;;;;;;;;;;;;;;;;;;;;;;;;;;;;;;;;;;;;;;;;;;;;;;;;;;;;;;;;;;;;;;;;;;;;;;;;;;;;;;;;;;;;;;;;;;;;;;;;;;;;;;;;;;;;;;;;;;;;;;;;;;;;;;;;;;;;;;;;;;;;;;;;;;;;;;;;;;;;;;;;;;;;;;;;;;;;;;;;;;;;;;;;;;;;;;;;;;;;;;;;;;;;;;;;;;;;;;;;;;;;;;;;;;;;;;;;;;;;;;;;;;;;;;;;;;;;;
;;DRENAJE 5;ILS;1,42;0,50;PLS;1,54;0,80;PLS;1,46;0,70;PLS;1,48;0,70;PLS;1,44;0,70;pls;1,46;1,10;pls;1,40;0,80;pls;1,40;0,90;pls;1,44;0,90;pls;1,40;0,60;pls;1,42;0,70;pls;1,42;1,00;pls;1,28;0,80;pls;1,34;0,60;pls;1,34;0,50;pls;1,32;0,70;pls;1,32;0,60;pls;1,30;0,90;ils;1,32;0,50;ils;1,32;0,70;pls;1,28;0,60;pls;1,28;0,50;ils;1,32;0,60;ils;1,28;0,60;pls;1,24;0,60;pls;1,30;0,70;PLS;1,24;0,60;PLS;1,28;0,50;PLS;1,22;0,80;PLS;1,28;0,70;LS;1,26;0,70;PLS;1,26;0,80;ILS;1,22;0,70;pls;1,28;0,70;pls;1,28;0,70;pls;1,28;1,10;pls;1,30;0,70;pls;1,30;0,60;pls;1,26;0,70;pls;1,32;0,90;pls;1,26;0,90;pls;1,26;0,80;pls;1,24;1,00;PLS;1,24;0,60;PLS;0,00;0,00;PLS;0,00;0,00;PLS;1,16;0,90;PLS;1,18;1,00;0,00;0,00;0,00;0,00;0,00;0,00;0,00;0,00;0,00;0,00;0,00;0,00;0,00;0,00;0,00;0,00;0,00;0,00;0,00;0,00;0,00;0,00;0,00;0,00;0,00;0,00;0,00;0,00;0,00;0,00;0,00;0,00;0,00;;;;;;;;;;;;;;;;;;;;;;;;;;;;;;;;;;;;;;;;;;;;;;;;;;;;;;;;;;;;;;;;;;;;;;;;;;;;;;;;;;;;;;;;;;;;;;;;;;;;;;;;;;;;;;;;;;;;;;;;;;;;;;;;;;;;;;;;;;;;;;;;;;;;;;;;;;;;;;;;;;;;;;;;;;;;;;;;;;;;;;;;;;;;;;;;;;;;;;;;;;;;;;;;;;;;;;;;;;;;;;;;;;;;;;;;;;;;;;;;;;;;;;;;;;;;;;;;;;;;;;;;;;;;;;;;;;;;;;;;;;;;;;;;;;;;;;;;;;;;;;;;;;;;;;;;;;;;;;;;;;;;;;;;;;;;;;;;;;;;;;;;;;;;;;;;;;;;;;;;;;;;;;;;;;;;;;;;;;;;;;;;;;;;;;;;;;;;;;;;;;;;;;;;;;;;;;;;;;;;;;;;;;;;;;;;;;;;;;;;;;;;;;;;;;;;;;;;;;;;;;;;;;;;;;;;;;;;;;;;;;;;;;;;;;;;;;;;;;;;;;;;;;;;;;;;;;;;;;;;;;;;;;;;;;;;;;;;;;;;;;;;;;;;;;;;;;;;;;;;;;;;;;;;;;;;;;;;;;;;;;;;;;;;;;;;;;;;;;;;;;;;;;;;;;;;;;;;;;;;;;;;;;;;;;;;;;;;;;;;;;;;;;;;;;;;;;;;;;;;;;;;;;;;;;;;;;;;;;;;;;;;;;;;;;;;;;;;;;;;;;;;;;;;;;;;;;;;;;;;;;;;;;;;;;;;;;;;;;;;;;;;;;;;;;;;;;;;;;;;;;;;;;;;;;;;;;;;;;;;;;;;;;;;;;;;;;;;;;;;;;;;;;;;;;;;;;;;;;;;;;;;;;;;;;;;;;;;;;;;;;;;;;;;;;;;;;;;;;;;;;;;;;;;;;;;;;;;;;;;;;;;;;;;;;;;;;;;;;;;;;;;;;;;;;;;;;;;;;
;;DRENAJE 6;PLS;1,90;0,60;PLS;1,96;0,80;PLS;1,86;0,70;PLS;1,88;0,90;PLS;1,72;1,00;pls;1,88;0,90;pls;1,78;2,10;pls;1,78;0,80;pls;1,82;0,80;pls;1,78;1,00;pls;1,88;0,90;pls;1,68;0,80;pls;1,76;0,90;pls;1,76;0,80;pls;1,82;0,70;pls;1,48;0,80;pls;1,80;0,60;pls;1,58;0,90;pls;1,84;0,70;pls;1,80;0,70;pls;1,78;0,70;pls;1,72;0,60;pls;1,76;0,60;pls;1,68;0,60;pls;1,66;0,60;pls;1,74;0,90;PLS;1,66;0,80;PLS;1,72;0,70;PLS;1,70;0,80;PLS;1,72;0,80;PLS;1,72;0,90;PLS;1,70;0,80;PLS;1,74;1,10;pls;1,74;0,70;pls;1,74;0,70;pls;1,74;0,90;pls;1,74;1,50;pls;1,74;1,20;pls;1,66;0,60;pls;1,66;0,90;pls;1,62;0,90;pls;1,62;0,90;pls;1,68;1,00;PLS;1,70;3,00;PLS;0,00;0,00;PLS;0,00;0,00;PLS;1,60;1,00;PLS;1,64;0,80;0,00;0,00;0,00;0,00;0,00;0,00;0,00;0,00;0,00;0,00;0,00;0,00;0,00;0,00;0,00;0,00;0,00;0,00;0,00;0,00;0,00;0,00;0,00;0,00;0,00;0,00;0,00;0,00;0,00;0,00;0,00;0,00;0,00;;;;;;;;;;;;;;;;;;;;;;;;;;;;;;;;;;;;;;;;;;;;;;;;;;;;;;;;;;;;;;;;;;;;;;;;;;;;;;;;;;;;;;;;;;;;;;;;;;;;;;;;;;;;;;;;;;;;;;;;;;;;;;;;;;;;;;;;;;;;;;;;;;;;;;;;;;;;;;;;;;;;;;;;;;;;;;;;;;;;;;;;;;;;;;;;;;;;;;;;;;;;;;;;;;;;;;;;;;;;;;;;;;;;;;;;;;;;;;;;;;;;;;;;;;;;;;;;;;;;;;;;;;;;;;;;;;;;;;;;;;;;;;;;;;;;;;;;;;;;;;;;;;;;;;;;;;;;;;;;;;;;;;;;;;;;;;;;;;;;;;;;;;;;;;;;;;;;;;;;;;;;;;;;;;;;;;;;;;;;;;;;;;;;;;;;;;;;;;;;;;;;;;;;;;;;;;;;;;;;;;;;;;;;;;;;;;;;;;;;;;;;;;;;;;;;;;;;;;;;;;;;;;;;;;;;;;;;;;;;;;;;;;;;;;;;;;;;;;;;;;;;;;;;;;;;;;;;;;;;;;;;;;;;;;;;;;;;;;;;;;;;;;;;;;;;;;;;;;;;;;;;;;;;;;;;;;;;;;;;;;;;;;;;;;;;;;;;;;;;;;;;;;;;;;;;;;;;;;;;;;;;;;;;;;;;;;;;;;;;;;;;;;;;;;;;;;;;;;;;;;;;;;;;;;;;;;;;;;;;;;;;;;;;;;;;;;;;;;;;;;;;;;;;;;;;;;;;;;;;;;;;;;;;;;;;;;;;;;;;;;;;;;;;;;;;;;;;;;;;;;;;;;;;;;;;;;;;;;;;;;;;;;;;;;;;;;;;;;;;;;;;;;;;;;;;;;;;;;;;;;;;;;;;;;;;;;;;;;;;;;;;;;;;;;;;;;;;;;;;;;;;;;;;;;;;;;;;;;;;;;;;;;;;;;;;;;;;;;;;;;;;;;;;;;;;;;;;;;
;;DRENAJE 7;PLS;1,72;0,70;PLS;1,90;0,80;PLS;1,74;0,70;PLS;1,80;0,80;PLS;1,74;0,8;pls;1,76;0,90;pls;1,72;0,70;pls;1,74;0,90;pls;1,78;0,70;pls;1,74;1,00;pls;1,78;1,00;pls;1,34;1,10;pls;1,80;0,90;pls;1,78;0,50;pls;1,58;0,60;pls;1,74;0,70;pls;1,70;0,70;pls;1,70;1,00;pls;1,78;0,50;pls;1,70;0,60;pls;1,70;0,80;pls;1,72;0,50;pls;1,72;0,70;pls;1,70;0,80;pls;1,66;0,70;pls;1,74;0,80;PLS;1,66;0,70;PLS;1,68;0,60;PLS;1,66;0,80;PLS;1,74;0,70;PLS;1,72;0,80;PLS;1,68;0,70;PLS;1,70;1,30;pls;1,70;0,60;pls;1,70;0,80;pls;1,68;0,80;pls;1,70;1,70;pls;1,68;0,70;pls;1,60;0,50;pls;1,64;0,90;pls;1,60;0,90;pls;1,56;0,80;pls;1,58;1,00;PLS;1,48;1,10;PLS;0,00;0,00;PLS;0,00;0,00;PLS;1,52;1,50;PLS;1,58;0,80;0,00;0,00;0,00;0,00;0,00;0,00;0,00;0,00;0,00;0,00;0,00;0,00;0,00;0,00;0,00;0,00;0,00;0,00;0,00;0,00;0,00;0,00;0,00;0,00;0,00;0,00;0,00;0,00;0,00;0,00;0,00;0,00;0,00;;;;;;;;;;;;;;;;;;;;;;;;;;;;;;;;;;;;;;;;;;;;;;;;;;;;;;;;;;;;;;;;;;;;;;;;;;;;;;;;;;;;;;;;;;;;;;;;;;;;;;;;;;;;;;;;;;;;;;;;;;;;;;;;;;;;;;;;;;;;;;;;;;;;;;;;;;;;;;;;;;;;;;;;;;;;;;;;;;;;;;;;;;;;;;;;;;;;;;;;;;;;;;;;;;;;;;;;;;;;;;;;;;;;;;;;;;;;;;;;;;;;;;;;;;;;;;;;;;;;;;;;;;;;;;;;;;;;;;;;;;;;;;;;;;;;;;;;;;;;;;;;;;;;;;;;;;;;;;;;;;;;;;;;;;;;;;;;;;;;;;;;;;;;;;;;;;;;;;;;;;;;;;;;;;;;;;;;;;;;;;;;;;;;;;;;;;;;;;;;;;;;;;;;;;;;;;;;;;;;;;;;;;;;;;;;;;;;;;;;;;;;;;;;;;;;;;;;;;;;;;;;;;;;;;;;;;;;;;;;;;;;;;;;;;;;;;;;;;;;;;;;;;;;;;;;;;;;;;;;;;;;;;;;;;;;;;;;;;;;;;;;;;;;;;;;;;;;;;;;;;;;;;;;;;;;;;;;;;;;;;;;;;;;;;;;;;;;;;;;;;;;;;;;;;;;;;;;;;;;;;;;;;;;;;;;;;;;;;;;;;;;;;;;;;;;;;;;;;;;;;;;;;;;;;;;;;;;;;;;;;;;;;;;;;;;;;;;;;;;;;;;;;;;;;;;;;;;;;;;;;;;;;;;;;;;;;;;;;;;;;;;;;;;;;;;;;;;;;;;;;;;;;;;;;;;;;;;;;;;;;;;;;;;;;;;;;;;;;;;;;;;;;;;;;;;;;;;;;;;;;;;;;;;;;;;;;;;;;;;;;;;;;;;;;;;;;;;;;;;;;;;;;;;;;;;;;;;;;;;;;;;;;;;;;;;;;;;;;;;;;;;;;;;;;;;;;;;;;
;;DRENAJE 8;PLS;1,48;0,70;PLS;1,60;1,00;PLS;1,50;0,90;PLS;1,54;0,90;PLS;1,44;0,90;pls;0,90;1,40;pls;1,48;0,80;pls;1,48;0,90;ils;1,50;0,80;pls;1,42;1,00;pls;1,48;1,10;pls;1,48;1,10;pls;1,42;1,50;pls;1,48;1,10;pls;1,50;1,10;pls;1,44;1,10;pls;1,36;0,90;pls;1,44;1,20;pls;1,48;0,90;pls;1,46;0,90;pls;1,42;1,10;pls;1,44;0,90;ils;1,42;1,10;pls;1,40;1,10;pls;1,38;1,10;pls;1,46;1,10;PLS;1,36;0,90;PLS;1,44;0,70;PLS;1,38;0,90;PLS;1,40;0,70;PLS;1,38;1,00;PLS;1,38;1,00;PLS;1,36;1,20;pls;1,34;0,90;pls;1,42;0,60;pls;1,42;1,30;pls;1,44;1,90;pls;1,42;0,80;pls;1,36;1,00;pls;1,36;1,40;pls;1,38;1,40;pls;1,34;1,40;pls;1,32;1,70;PLS;1,14;1,40;PLS;0,00;0,00;PLS;0,00;0,00;PLS;1,30;1,20;PLS;1,30;1,20;0,00;0,00;0,00;0,00;0,00;0,00;0,00;0,00;0,00;0,00;0,00;0,00;0,00;0,00;0,00;0,00;0,00;0,00;0,00;0,00;0,00;0,00;0,00;0,00;0,00;0,00;0,00;0,00;0,00;0,00;0,00;0,00;0,00;;;;;;;;;;;;;;;;;;;;;;;;;;;;;;;;;;;;;;;;;;;;;;;;;;;;;;;;;;;;;;;;;;;;;;;;;;;;;;;;;;;;;;;;;;;;;;;;;;;;;;;;;;;;;;;;;;;;;;;;;;;;;;;;;;;;;;;;;;;;;;;;;;;;;;;;;;;;;;;;;;;;;;;;;;;;;;;;;;;;;;;;;;;;;;;;;;;;;;;;;;;;;;;;;;;;;;;;;;;;;;;;;;;;;;;;;;;;;;;;;;;;;;;;;;;;;;;;;;;;;;;;;;;;;;;;;;;;;;;;;;;;;;;;;;;;;;;;;;;;;;;;;;;;;;;;;;;;;;;;;;;;;;;;;;;;;;;;;;;;;;;;;;;;;;;;;;;;;;;;;;;;;;;;;;;;;;;;;;;;;;;;;;;;;;;;;;;;;;;;;;;;;;;;;;;;;;;;;;;;;;;;;;;;;;;;;;;;;;;;;;;;;;;;;;;;;;;;;;;;;;;;;;;;;;;;;;;;;;;;;;;;;;;;;;;;;;;;;;;;;;;;;;;;;;;;;;;;;;;;;;;;;;;;;;;;;;;;;;;;;;;;;;;;;;;;;;;;;;;;;;;;;;;;;;;;;;;;;;;;;;;;;;;;;;;;;;;;;;;;;;;;;;;;;;;;;;;;;;;;;;;;;;;;;;;;;;;;;;;;;;;;;;;;;;;;;;;;;;;;;;;;;;;;;;;;;;;;;;;;;;;;;;;;;;;;;;;;;;;;;;;;;;;;;;;;;;;;;;;;;;;;;;;;;;;;;;;;;;;;;;;;;;;;;;;;;;;;;;;;;;;;;;;;;;;;;;;;;;;;;;;;;;;;;;;;;;;;;;;;;;;;;;;;;;;;;;;;;;;;;;;;;;;;;;;;;;;;;;;;;;;;;;;;;;;;;;;;;;;;;;;;;;;;;;;;;;;;;;;;;;;;;;;;;;;;;;;;;;;;;;;;;;;;;;;;;;;;;;
;;DRENAJE 9;PLS;1,64;0,90;PLS;1,74;1,20;PLS;1,58;1,10;PLS;1,70;1,10;PLS;1,60;0,80;pls;1,68;1,30;pls;1,60;1,60;pls;1,60;1,20;pls;1,62;1,20;pls;1,54;1,40;pls;1,58;1,30;pls;1,28;1,50;pls;1,66;1,40;pls;1,70;1,40;pls;1,64;1,30;pls;1,64;1,10;pls;1,56;1,30;pls;1,60;1,60;pls;1,52;1,30;pls;1,52;1,40;pls;1,50;1,30;pls;1,50;1,30;pls;1,50;1,50;pls;1,54;1,50;pls;1,48;1,50;pls;1,54;1,20;PLS;1,50;1,20;PLS;1,48;0,90;PLS;1,48;1,00;PLS;1,52;1,00;PLS;1,50;1,20;PLS;1,50;1,20;PLS;1,44;1,30;pls;1,46;1,00;pls;1,50;1,10;pls;1,84;1,40;pls;1,52;1,30;pls;1,50;1,00;pls;1,42;0,80;pls;1,50;1,20;pls;1,40;1,50;pls;1,38;1,30;pls;1,42;1,70;PLS;1,48;1,30;PLS;0,00;0,00;PLS;0,00;0,00;PLS;1,40;1,60;PLS;1,44;1,80;0,00;0,00;0,00;0,00;0,00;0,00;0,00;0,00;0,00;0,00;0,00;0,00;0,00;0,00;0,00;0,00;0,00;0,00;0,00;0,00;0,00;0,00;0,00;0,00;0,00;0,00;0,00;0,00;0,00;0,00;0,00;0,00;0,00;;;;;;;;;;;;;;;;;;;;;;;;;;;;;;;;;;;;;;;;;;;;;;;;;;;;;;;;;;;;;;;;;;;;;;;;;;;;;;;;;;;;;;;;;;;;;;;;;;;;;;;;;;;;;;;;;;;;;;;;;;;;;;;;;;;;;;;;;;;;;;;;;;;;;;;;;;;;;;;;;;;;;;;;;;;;;;;;;;;;;;;;;;;;;;;;;;;;;;;;;;;;;;;;;;;;;;;;;;;;;;;;;;;;;;;;;;;;;;;;;;;;;;;;;;;;;;;;;;;;;;;;;;;;;;;;;;;;;;;;;;;;;;;;;;;;;;;;;;;;;;;;;;;;;;;;;;;;;;;;;;;;;;;;;;;;;;;;;;;;;;;;;;;;;;;;;;;;;;;;;;;;;;;;;;;;;;;;;;;;;;;;;;;;;;;;;;;;;;;;;;;;;;;;;;;;;;;;;;;;;;;;;;;;;;;;;;;;;;;;;;;;;;;;;;;;;;;;;;;;;;;;;;;;;;;;;;;;;;;;;;;;;;;;;;;;;;;;;;;;;;;;;;;;;;;;;;;;;;;;;;;;;;;;;;;;;;;;;;;;;;;;;;;;;;;;;;;;;;;;;;;;;;;;;;;;;;;;;;;;;;;;;;;;;;;;;;;;;;;;;;;;;;;;;;;;;;;;;;;;;;;;;;;;;;;;;;;;;;;;;;;;;;;;;;;;;;;;;;;;;;;;;;;;;;;;;;;;;;;;;;;;;;;;;;;;;;;;;;;;;;;;;;;;;;;;;;;;;;;;;;;;;;;;;;;;;;;;;;;;;;;;;;;;;;;;;;;;;;;;;;;;;;;;;;;;;;;;;;;;;;;;;;;;;;;;;;;;;;;;;;;;;;;;;;;;;;;;;;;;;;;;;;;;;;;;;;;;;;;;;;;;;;;;;;;;;;;;;;;;;;;;;;;;;;;;;;;;;;;;;;;;;;;;;;;;;;;;;;;;;;;;;;;;;;;;;;;;;;
;;DRENAJE 10;PLS;1,66;0,50;PLS;1,72;0,40;PLS;1,66;0,50;PLS;1,76;0,50;PLS;1,68;0,80;pls;1,74;0,50;pls;1,70;0,50;pls;3,26;0,80;pls;1,70;0,60;pls;1,68;0,80;pls;1,72;0,90;pls;1,30;0,60;pls;1,66;0,70;pls;1,68;0,60;pls;1,70;0,60;pls;1,60;0,50;pls;1,60;0,50;pls;1,24;0,70;pls;1,64;0,50;pls;1,62;0,50;pls;1,58;1,80;pls;1,60;0,50;pls;1,64;0,50;pls;1,60;0,50;pls;1,58;0,50;pls;1,66;0,40;PLS;1,62;0,50;PLS;1,66;0,50;PLS;1,58;0,50;PLS;1,60;0,50;PLS;1,62;0,50;PLS;1,58;0,50;PLS;1,52;0,70;pls;1,60;0,70;pls;1,62;0,50;pls;1,62;0,70;pls;1,62;0,70;pls;1,62;0,50;pls;1,54;0,50;pls;1,66;0,70;pls;1,60;0,70;pls;1,40;0,70;pls;1,60;1,00;PLS;1,52;0,50;PLS;0,00;0,00;PLS;0,00;0,00;PLS;1,52;0,60;PLS;1,58;0,60;0,00;0,00;0,00;0,00;0,00;0,00;0,00;0,00;0,00;0,00;0,00;0,00;0,00;0,00;0,00;0,00;0,00;0,00;0,00;0,00;0,00;0,00;0,00;0,00;0,00;0,00;0,00;0,00;0,00;0,00;0,00;0,00;0,00;;;;;;;;;;;;;;;;;;;;;;;;;;;;;;;;;;;;;;;;;;;;;;;;;;;;;;;;;;;;;;;;;;;;;;;;;;;;;;;;;;;;;;;;;;;;;;;;;;;;;;;;;;;;;;;;;;;;;;;;;;;;;;;;;;;;;;;;;;;;;;;;;;;;;;;;;;;;;;;;;;;;;;;;;;;;;;;;;;;;;;;;;;;;;;;;;;;;;;;;;;;;;;;;;;;;;;;;;;;;;;;;;;;;;;;;;;;;;;;;;;;;;;;;;;;;;;;;;;;;;;;;;;;;;;;;;;;;;;;;;;;;;;;;;;;;;;;;;;;;;;;;;;;;;;;;;;;;;;;;;;;;;;;;;;;;;;;;;;;;;;;;;;;;;;;;;;;;;;;;;;;;;;;;;;;;;;;;;;;;;;;;;;;;;;;;;;;;;;;;;;;;;;;;;;;;;;;;;;;;;;;;;;;;;;;;;;;;;;;;;;;;;;;;;;;;;;;;;;;;;;;;;;;;;;;;;;;;;;;;;;;;;;;;;;;;;;;;;;;;;;;;;;;;;;;;;;;;;;;;;;;;;;;;;;;;;;;;;;;;;;;;;;;;;;;;;;;;;;;;;;;;;;;;;;;;;;;;;;;;;;;;;;;;;;;;;;;;;;;;;;;;;;;;;;;;;;;;;;;;;;;;;;;;;;;;;;;;;;;;;;;;;;;;;;;;;;;;;;;;;;;;;;;;;;;;;;;;;;;;;;;;;;;;;;;;;;;;;;;;;;;;;;;;;;;;;;;;;;;;;;;;;;;;;;;;;;;;;;;;;;;;;;;;;;;;;;;;;;;;;;;;;;;;;;;;;;;;;;;;;;;;;;;;;;;;;;;;;;;;;;;;;;;;;;;;;;;;;;;;;;;;;;;;;;;;;;;;;;;;;;;;;;;;;;;;;;;;;;;;;;;;;;;;;;;;;;;;;;;;;;;;;;;;;;;;;;;;;;;;;;;;;;;;;;;;;;;;;;
;;DRENAJE 11;ILS;0,92;0,50;ILS;1,04;0,60;ILS;1,04;0,50;ILS;1,06;0,50;ILS;0,98;0,50;ils;1,04;0,70;ils;1,00;1,50;ils;1,04;0,90;ils;1,06;0,60;ils;1,04;0,50;ils;1,08;0,90;ils;1,06;1,10;ils;1,08;0,70;ils;0,92;0,50;ils;1,10;0,50;ils;1,04;0,60;ils;0,88;0,50;ils;1,04;0,90;ils;1,08;0,50;ils;1,06;0,70;ils;1,02;0,50;ils;1,08;0,50;ils;1,06;0,50;ils;1,06;0,50;ils;1,04;0,50;ils;1,06;0,70;ILS;1,06;0,50;ILS;1,08;0,50;ILS;1,06;0,50;ILS;1,10;0,60;ILS;1,06;0,70;ILS;1,00;0,60;ILS;1,04;0,70;ils;1,06;0,60;ils;1,06;0,50;ils;1,06;0,90;ils;1,10;1,00;ils;1,10;0,50;ils;1,02;0,50;ils;0,80;0,70;ils;1,04;0,70;ils;1,10;0,80;ils;1,06;0,80;ILS;1,12;0,50;ILS;0,00;0,00;ILS;0,00;0,00;ILS;1,04;0,80;ILS;1,08;0,70;0,00;0,00;0,00;0,00;0,00;0,00;0,00;0,00;0,00;0,00;0,00;0,00;0,00;0,00;0,00;0,00;0,00;0,00;0,00;0,00;0,00;0,00;0,00;0,00;0,00;0,00;0,00;0,00;0,00;0,00;0,00;0,00;0,00;;;;;;;;;;;;;;;;;;;;;;;;;;;;;;;;;;;;;;;;;;;;;;;;;;;;;;;;;;;;;;;;;;;;;;;;;;;;;;;;;;;;;;;;;;;;;;;;;;;;;;;;;;;;;;;;;;;;;;;;;;;;;;;;;;;;;;;;;;;;;;;;;;;;;;;;;;;;;;;;;;;;;;;;;;;;;;;;;;;;;;;;;;;;;;;;;;;;;;;;;;;;;;;;;;;;;;;;;;;;;;;;;;;;;;;;;;;;;;;;;;;;;;;;;;;;;;;;;;;;;;;;;;;;;;;;;;;;;;;;;;;;;;;;;;;;;;;;;;;;;;;;;;;;;;;;;;;;;;;;;;;;;;;;;;;;;;;;;;;;;;;;;;;;;;;;;;;;;;;;;;;;;;;;;;;;;;;;;;;;;;;;;;;;;;;;;;;;;;;;;;;;;;;;;;;;;;;;;;;;;;;;;;;;;;;;;;;;;;;;;;;;;;;;;;;;;;;;;;;;;;;;;;;;;;;;;;;;;;;;;;;;;;;;;;;;;;;;;;;;;;;;;;;;;;;;;;;;;;;;;;;;;;;;;;;;;;;;;;;;;;;;;;;;;;;;;;;;;;;;;;;;;;;;;;;;;;;;;;;;;;;;;;;;;;;;;;;;;;;;;;;;;;;;;;;;;;;;;;;;;;;;;;;;;;;;;;;;;;;;;;;;;;;;;;;;;;;;;;;;;;;;;;;;;;;;;;;;;;;;;;;;;;;;;;;;;;;;;;;;;;;;;;;;;;;;;;;;;;;;;;;;;;;;;;;;;;;;;;;;;;;;;;;;;;;;;;;;;;;;;;;;;;;;;;;;;;;;;;;;;;;;;;;;;;;;;;;;;;;;;;;;;;;;;;;;;;;;;;;;;;;;;;;;;;;;;;;;;;;;;;;;;;;;;;;;;;;;;;;;;;;;;;;;;;;;;;;;;;;;;;;;;;;;;;;;;;;;;;;;;;;;;;;;;;;;;;;;;;
;;DRENAJE 12;ILS;0,96;0,90;ILS;1,02;0,70;ILS;0,94;0,60;ILS;1,00;0,70;ILS;0,96;0,50;ils;0,94;0,80;ils;0,98;0,60;ils;0,98;1,80;ils;1,02;0,80;ils;1,02;0,60;ils;1,02;1,00;ils;1,02;0,90;ils;1,04;0,80;ils;1,02;0,60;ils;1,02;0,80;ils;0,98;0,80;ils;1,02;0,70;ils;1,04;0,80;ils;1,02;0,50;ils;1,00;0,50;ils;0,98;0,60;ils;1,00;0,50;ils;1,02;0,60;ils;1,02;0,70;ils;1,00;0,60;ils;1,02;0,80;ILS;1,02;0,60;ILS;0,98;0,50;ILS;1,02;0,70;ILS;1,06;0,60;ILS;1,04;0,70;ILS;1,06;0,70;ILS;1,02;0,70;ils;1,04;0,90;ils;1,04;0,60;ils;1,04;0,60;ils;1,08;0,90;ils;1,06;0,50;ils;1,00;0,50;ils;1,02;0,70;ils;1,00;0,70;ils;1,06;0,80;ils;1,02;0,90;ILS;1,02;0,50;ILS;0,00;0,00;ILS;0,00;0,00;ILS;1,00;0,90;ILS;1,04;0,80;0,00;0,00;0,00;0,00;0,00;0,00;0,00;0,00;0,00;0,00;0,00;0,00;0,00;0,00;0,00;0,00;0,00;0,00;0,00;0,00;0,00;0,00;0,00;0,00;0,00;0,00;0,00;0,00;0,00;0,00;0,00;0,00;0,00;;;;;;;;;;;;;;;;;;;;;;;;;;;;;;;;;;;;;;;;;;;;;;;;;;;;;;;;;;;;;;;;;;;;;;;;;;;;;;;;;;;;;;;;;;;;;;;;;;;;;;;;;;;;;;;;;;;;;;;;;;;;;;;;;;;;;;;;;;;;;;;;;;;;;;;;;;;;;;;;;;;;;;;;;;;;;;;;;;;;;;;;;;;;;;;;;;;;;;;;;;;;;;;;;;;;;;;;;;;;;;;;;;;;;;;;;;;;;;;;;;;;;;;;;;;;;;;;;;;;;;;;;;;;;;;;;;;;;;;;;;;;;;;;;;;;;;;;;;;;;;;;;;;;;;;;;;;;;;;;;;;;;;;;;;;;;;;;;;;;;;;;;;;;;;;;;;;;;;;;;;;;;;;;;;;;;;;;;;;;;;;;;;;;;;;;;;;;;;;;;;;;;;;;;;;;;;;;;;;;;;;;;;;;;;;;;;;;;;;;;;;;;;;;;;;;;;;;;;;;;;;;;;;;;;;;;;;;;;;;;;;;;;;;;;;;;;;;;;;;;;;;;;;;;;;;;;;;;;;;;;;;;;;;;;;;;;;;;;;;;;;;;;;;;;;;;;;;;;;;;;;;;;;;;;;;;;;;;;;;;;;;;;;;;;;;;;;;;;;;;;;;;;;;;;;;;;;;;;;;;;;;;;;;;;;;;;;;;;;;;;;;;;;;;;;;;;;;;;;;;;;;;;;;;;;;;;;;;;;;;;;;;;;;;;;;;;;;;;;;;;;;;;;;;;;;;;;;;;;;;;;;;;;;;;;;;;;;;;;;;;;;;;;;;;;;;;;;;;;;;;;;;;;;;;;;;;;;;;;;;;;;;;;;;;;;;;;;;;;;;;;;;;;;;;;;;;;;;;;;;;;;;;;;;;;;;;;;;;;;;;;;;;;;;;;;;;;;;;;;;;;;;;;;;;;;;;;;;;;;;;;;;;;;;;;;;;;;;;;;;;;;;;;;;;;;;;;;;;
;;DRENAJE 13;ILS;0,60;1,90;ILS;0,62;2,20;ILS;0,60;2,10;ILS;0,62;1,90;ILS;0,68;1,50;ils;0,70;1,90;ils;0,88;0,90;ils;0,86;8,00;ils;0,80;1,90;ils;0,96;0,90;ils;0,96;1,00;ils;0,74;1,10;ils;0,92;1,20;ils;1,00;0,90;ils;0,98;0,70;ils;0,94;1,00;ils;0,92;0,80;ils;0,96;1,00;ils;0,98;1,20;ils;0,98;0,90;ils;0,96;0,70;ils;0,98;0,90;ils;1,00;0,80;ils;1,00;0,90;ils;0,98;0,90;ils;1,10;0,70;ILS;1,02;0,80;ILS;1,04;0,70;ILS;1,00;0,90;ILS;1,04;0,80;ILS;1,02;0,80;ILS;1,00;0,90;ILS;0,98;0,90;ils;1,02;0,70;ils;1,02;0,80;ils;1,02;0,50;ils;1,06;0,90;ils;1,02;1,10;ils;0,98;0,60;ils;0,94;0,90;ils;1,02;0,90;ils;0,92;0,90;ils;1,04;1,10;ILS;0,00;0,00;ILS;0,00;0,00;ILS;0,00;0,00;ILS;0,00;0,00;ILS;0,00;0,00;0,00;0,00;0,00;0,00;0,00;0,00;0,00;0,00;0,00;0,00;0,00;0,00;0,00;0,00;0,00;0,00;0,00;0,00;0,00;0,00;0,00;0,00;0,00;0,00;0,00;0,00;0,00;0,00;0,00;0,00;0,00;0,00;0,00;;;;;;;;;;;;;;;;;;;;;;;;;;;;;;;;;;;;;;;;;;;;;;;;;;;;;;;;;;;;;;;;;;;;;;;;;;;;;;;;;;;;;;;;;;;;;;;;;;;;;;;;;;;;;;;;;;;;;;;;;;;;;;;;;;;;;;;;;;;;;;;;;;;;;;;;;;;;;;;;;;;;;;;;;;;;;;;;;;;;;;;;;;;;;;;;;;;;;;;;;;;;;;;;;;;;;;;;;;;;;;;;;;;;;;;;;;;;;;;;;;;;;;;;;;;;;;;;;;;;;;;;;;;;;;;;;;;;;;;;;;;;;;;;;;;;;;;;;;;;;;;;;;;;;;;;;;;;;;;;;;;;;;;;;;;;;;;;;;;;;;;;;;;;;;;;;;;;;;;;;;;;;;;;;;;;;;;;;;;;;;;;;;;;;;;;;;;;;;;;;;;;;;;;;;;;;;;;;;;;;;;;;;;;;;;;;;;;;;;;;;;;;;;;;;;;;;;;;;;;;;;;;;;;;;;;;;;;;;;;;;;;;;;;;;;;;;;;;;;;;;;;;;;;;;;;;;;;;;;;;;;;;;;;;;;;;;;;;;;;;;;;;;;;;;;;;;;;;;;;;;;;;;;;;;;;;;;;;;;;;;;;;;;;;;;;;;;;;;;;;;;;;;;;;;;;;;;;;;;;;;;;;;;;;;;;;;;;;;;;;;;;;;;;;;;;;;;;;;;;;;;;;;;;;;;;;;;;;;;;;;;;;;;;;;;;;;;;;;;;;;;;;;;;;;;;;;;;;;;;;;;;;;;;;;;;;;;;;;;;;;;;;;;;;;;;;;;;;;;;;;;;;;;;;;;;;;;;;;;;;;;;;;;;;;;;;;;;;;;;;;;;;;;;;;;;;;;;;;;;;;;;;;;;;;;;;;;;;;;;;;;;;;;;;;;;;;;;;;;;;;;;;;;;;;;;;;;;;;;;;;;;;;;;;;;;;;;;;;;;;;;;;;;;;;;;;;;;;;
